{
  "version": "v2.0",
  "versionCode": 2,
  "zipUrl": "https://github.com/lazydev/thermalguardian/releases/download/v2.0/ThermalGuardianPro_v2.0.zip",
  "changelog": "https://raw.githubusercontent.com/lazydev/thermalguardian/main/CHANGELOG.md",
  "releaseNotes": [
    "🔥 Improved v2.0 with full HyperOS support",
    "🧊 Advanced cooling algorithm for better cooling without performance loss",
    "⚙️ Auto-detection of CPU architecture and device type",
    "🔋 Battery protection while charging",
    "📊 Performance profiles based on temperature ranges",
    "📱 Support for Snapdragon and MediaTek processors",
    "🛠️ Fixed compatibility issues with custom ROMs",
    "📝 Added detailed logging for troubleshooting"
  ]
}